Year,Crime Type,Number of Offences
2010,All recorded offences,"19,177"
2010,All recorded offences,"25,701"
2010,All recorded offences,"13,739"
2010,All recorded offences,"29,492"
2010,All recorded offences,"22,031"
2010,All recorded offences,"34,205"
2010,All recorded offences,"32,292"
2010,All recorded offences,"35,030"
2010,All recorded offences,"23,657"
2010,All recorded offences,"24,130"
2010,All recorded offences,"28,016"
2010,All recorded offences,"24,151"
2010,All recorded offences,"24,588"
2010,All recorded offences,"14,973"
2010,All recorded offences,"17,581"
2010,All recorded offences,"23,535"
2010,All recorded offences,"23,855"
2010,All recorded offences,"28,076"
2010,All recorded offences,"21,181"
2010,All recorded offences,"11,150"
2010,All recorded offences,"35,672"
2010,All recorded offences,"28,874"
2010,All recorded offences,"14,721"
2010,All recorded offences,"34,361"
2010,All recorded offences,"24,519"
2010,All recorded offences,"11,734"
2010,All recorded offences,"36,252"
2010,All recorded offences,"12,408"
2010,All recorded offences,"28,652"
2010,All recorded offences,"27,539"
2010,All recorded offences,"24,723"
2010,All recorded offences,"63,996"
2010,All recorded offences,"2,950"
2010,All recorded offences,"412,747"
2010,All recorded offences,"407,264"
2010,All recorded offences,"822,961"
2010,All recorded offences,"4,150,915"
2011,All recorded offences,"18,825"
2011,All recorded offences,"26,281"
2011,All recorded offences,"12,168"
2011,All recorded offences,"31,592"
2011,All recorded offences,"21,903"
2011,All recorded offences,"35,799"
2011,All recorded offences,"32,775"
2011,All recorded offences,"32,575"
2011,All recorded offences,"22,928"
2011,All recorded offences,"22,415"
2011,All recorded offences,"27,902"
2011,All recorded offences,"23,426"
2011,All recorded offences,"25,911"
2011,All recorded offences,"14,169"
2011,All recorded offences,"17,302"
2011,All recorded offences,"23,937"
2011,All recorded offences,"24,768"
2011,All recorded offences,"27,025"
2011,All recorded offences,"20,766"
2011,All recorded offences,"11,232"
2011,All recorded offences,"36,993"
2011,All recorded offences,"27,172"
2011,All recorded offences,"14,157"
2011,All recorded offences,"32,011"
2011,All recorded offences,"24,257"
2011,All recorded offences,"12,012"
2011,All recorded offences,"34,475"
2011,All recorded offences,"11,736"
2011,All recorded offences,"29,452"
2011,All recorded offences,"24,876"
2011,All recorded offences,"24,392"
2011,All recorded offences,"66,315"
2011,All recorded offences,"3,079"
2011,All recorded offences,"411,639"
2011,All recorded offences,"399,908"
2011,All recorded offences,"814,626"
2011,All recorded offences,"3,976,312"
2012,All recorded offences,"17,240"
2012,All recorded offences,"25,364"
2012,All recorded offences,"12,335"
2012,All recorded offences,"27,260"
2012,All recorded offences,"20,248"
2012,All recorded offences,"32,840"
2012,All recorded offences,"31,109"
2012,All recorded offences,"30,003"
2012,All recorded offences,"22,521"
2012,All recorded offences,"21,110"
2012,All recorded offences,"27,804"
2012,All recorded offences,"21,782"
2012,All recorded offences,"23,377"
2012,All recorded offences,"13,463"
2012,All recorded offences,"16,458"
2012,All recorded offences,"20,636"
2012,All recorded offences,"22,509"
2012,All recorded offences,"27,865"
2012,All recorded offences,"20,839"
2012,All recorded offences,"10,198"
2012,All recorded offences,"34,912"
2012,All recorded offences,"24,727"
2012,All recorded offences,"13,376"
2012,All recorded offences,"31,716"
2012,All recorded offences,"22,419"
2012,All recorded offences,"11,803"
2012,All recorded offences,"32,747"
2012,All recorded offences,"11,188"
2012,All recorded offences,"29,082"
2012,All recorded offences,"24,478"
2012,All recorded offences,"25,445"
2012,All recorded offences,"62,014"
2012,All recorded offences,"2,698"
2012,All recorded offences,"395,150"
2012,All recorded offences,"373,718"
2012,All recorded offences,"771,566"
2012,All recorded offences,"3,731,338"
2013,All recorded offences,"16,104"
2013,All recorded offences,"22,724"
2013,All recorded offences,"11,837"
2013,All recorded offences,"24,476"
2013,All recorded offences,"19,445"
2013,All recorded offences,"28,646"
2013,All recorded offences,"28,202"
2013,All recorded offences,"25,886"
2013,All recorded offences,"22,631"
2013,All recorded offences,"19,630"
2013,All recorded offences,"26,031"
2013,All recorded offences,"18,985"
2013,All recorded offences,"22,074"
2013,All recorded offences,"12,236"
2013,All recorded offences,"15,127"
2013,All recorded offences,"19,268"
2013,All recorded offences,"19,668"
2013,All recorded offences,"24,603"
2013,All recorded offences,"17,975"
2013,All recorded offences,"9,288"
2013,All recorded offences,"32,923"
2013,All recorded offences,"22,327"
2013,All recorded offences,"11,596"
2013,All recorded offences,"28,950"
2013,All recorded offences,"20,044"
2013,All recorded offences,"10,518"
2013,All recorded offences,"31,195"
2013,All recorded offences,"10,401"
2013,All recorded offences,"27,139"
2013,All recorded offences,"22,097"
2013,All recorded offences,"22,241"
2013,All recorded offences,"54,054"
2013,All recorded offences,"2,484"
2013,All recorded offences,"357,143"
2013,All recorded offences,"341,178"
2013,All recorded offences,"700,805"
2013,All recorded offences,n/a
2014,All recorded offences,"16,235"
2014,All recorded offences,"23,192"
2014,All recorded offences,"12,280"
2014,All recorded offences,"25,101"
2014,All recorded offences,"20,434"
2014,All recorded offences,"28,428"
2014,All recorded offences,"28,804"
2014,All recorded offences,"25,941"
2014,All recorded offences,"22,308"
2014,All recorded offences,"21,023"
2014,All recorded offences,"25,706"
2014,All recorded offences,"20,259"
2014,All recorded offences,"23,824"
2014,All recorded offences,"12,316"
2014,All recorded offences,"15,358"
2014,All recorded offences,"22,019"
2014,All recorded offences,"20,825"
2014,All recorded offences,"26,222"
2014,All recorded offences,"18,836"
2014,All recorded offences,"9,774"
2014,All recorded offences,"33,025"
2014,All recorded offences,"22,109"
2014,All recorded offences,"12,164"
2014,All recorded offences,"28,986"
2014,All recorded offences,"20,128"
2014,All recorded offences,"10,788"
2014,All recorded offences,"30,130"
2014,All recorded offences,"10,974"
2014,All recorded offences,"27,348"
2014,All recorded offences,"20,782"
2014,All recorded offences,"22,583"
2014,All recorded offences,"48,279"
2014,All recorded offences,"3,128"
2014,All recorded offences,"355,735"
2014,All recorded offences,"350,446"
2014,All recorded offences,"709,309"
2014,All recorded offences,n/a
2015,All recorded offences,"17,477"
2015,All recorded offences,"24,978"
2015,All recorded offences,"12,644"
2015,All recorded offences,"26,128"
2015,All recorded offences,"21,137"
2015,All recorded offences,"30,185"
2015,All recorded offences,"28,951"
2015,All recorded offences,"27,032"
2015,All recorded offences,"22,942"
2015,All recorded offences,"21,950"
2015,All recorded offences,"27,209"
2015,All recorded offences,"20,514"
2015,All recorded offences,"26,024"
2015,All recorded offences,"13,174"
2015,All recorded offences,"16,851"
2015,All recorded offences,"21,972"
2015,All recorded offences,"21,926"
2015,All recorded offences,"28,144"
2015,All recorded offences,"19,663"
2015,All recorded offences,"10,155"
2015,All recorded offences,"34,998"
2015,All recorded offences,"24,712"
2015,All recorded offences,"12,933"
2015,All recorded offences,"30,084"
2015,All recorded offences,"19,637"
2015,All recorded offences,"10,729"
2015,All recorded offences,"31,422"
2015,All recorded offences,"10,949"
2015,All recorded offences,"28,752"
2015,All recorded offences,"21,799"
2015,All recorded offences,"23,292"
2015,All recorded offences,"49,204"
2015,All recorded offences,"3,077"
2015,All recorded offences,"374,203"
2015,All recorded offences,"363,364"
2015,All recorded offences,"740,644"
2015,All recorded offences,n/a
2016,All recorded offences,"14,638"
2016,All recorded offences,"21,549"
2016,All recorded offences,"11,163"
2016,All recorded offences,"23,237"
2016,All recorded offences,"17,243"
2016,All recorded offences,"25,390"
2016,All recorded offences,"25,777"
2016,All recorded offences,"23,684"
2016,All recorded offences,"19,401"
2016,All recorded offences,"20,023"
2016,All recorded offences,"24,933"
2016,All recorded offences,"17,629"
2016,All recorded offences,"23,894"
2016,All recorded offences,"11,309"
2016,All recorded offences,"14,680"
2016,All recorded offences,"19,195"
2016,All recorded offences,"19,339"
2016,All recorded offences,"23,254"
2016,All recorded offences,"17,206"
2016,All recorded offences,"8,739"
2016,All recorded offences,"29,787"
2016,All recorded offences,"20,654"
2016,All recorded offences,"10,973"
2016,All recorded offences,"26,306"
2016,All recorded offences,"16,963"
2016,All recorded offences,"9,780"
2016,All recorded offences,"27,529"
2016,All recorded offences,"9,102"
2016,All recorded offences,"26,005"
2016,All recorded offences,"17,899"
2016,All recorded offences,"20,809"
2016,All recorded offences,"42,414"
2016,All recorded offences,"2,795"
2016,All recorded offences,"325,810"
2016,All recorded offences,"314,694"
2016,All recorded offences,"643,299"
2016,All recorded offences,n/a
2010,Violence Against the Person,"4,476"
2010,Violence Against the Person,"4,430"
2010,Violence Against the Person,"3,062"
2010,Violence Against the Person,"7,092"
2010,Violence Against the Person,"4,844"
2010,Violence Against the Person,"5,876"
2010,Violence Against the Person,"6,629"
2010,Violence Against the Person,"8,111"
2010,Violence Against the Person,"4,427"
2010,Violence Against the Person,"5,441"
2010,Violence Against the Person,"5,948"
2010,Violence Against the Person,"4,893"
2010,Violence Against the Person,"4,892"
2010,Violence Against the Person,"3,258"
2010,Violence Against the Person,"3,700"
2010,Violence Against the Person,"5,684"
2010,Violence Against the Person,"5,681"
2010,Violence Against the Person,"5,914"
2010,Violence Against the Person,"2,954"
2010,Violence Against the Person,"2,230"
2010,Violence Against the Person,"7,686"
2010,Violence Against the Person,"6,854"
2010,Violence Against the Person,"2,871"
2010,Violence Against the Person,"7,006"
2010,Violence Against the Person,"4,134"
2010,Violence Against the Person,"2,138"
2010,Violence Against the Person,"7,702"
2010,Violence Against the Person,"2,273"
2010,Violence Against the Person,"6,303"
2010,Violence Against the Person,"5,455"
2010,Violence Against the Person,"4,867"
2010,Violence Against the Person,"8,741"
2010,Violence Against the Person,270
2010,Violence Against the Person,"79,636"
2010,Violence Against the Person,"85,936"
2010,Violence Against the Person,"165,842"
2010,Violence Against the Person,"808,045"
2011,Violence Against the Person,"4,119"
2011,Violence Against the Person,"4,154"
2011,Violence Against the Person,"2,721"
2011,Violence Against the Person,"7,287"
2011,Violence Against the Person,"4,574"
2011,Violence Against the Person,"5,545"
2011,Violence Against the Person,"6,681"
2011,Violence Against the Person,"7,138"
2011,Violence Against the Person,"4,137"
2011,Violence Against the Person,"5,307"
2011,Violence Against the Person,"5,399"
2011,Violence Against the Person,"4,345"
2011,Violence Against the Person,"4,691"
2011,Violence Against the Person,"2,865"
2011,Violence Against the Person,"3,283"
2011,Violence Against the Person,"5,369"
2011,Violence Against the Person,"5,556"
2011,Violence Against the Person,"5,076"
2011,Violence Against the Person,"2,752"
2011,Violence Against the Person,"2,212"
2011,Violence Against the Person,"7,112"
2011,Violence Against the Person,"6,254"
2011,Violence Against the Person,"2,534"
2011,Violence Against the Person,"6,421"
2011,Violence Against the Person,"3,878"
2011,Violence Against the Person,"1,986"
2011,Violence Against the Person,"6,613"
2011,Violence Against the Person,"2,444"
2011,Violence Against the Person,"5,819"
2011,Violence Against the Person,"4,926"
2011,Violence Against the Person,"4,090"
2011,Violence Against the Person,"8,287"
2011,Violence Against the Person,277
2011,Violence Against the Person,"72,404"
2011,Violence Against the Person,"81,171"
2011,Violence Against the Person,"153,852"
2011,Violence Against the Person,"821,939"
2012,Violence Against the Person,"3,761"
2012,Violence Against the Person,"4,077"
2012,Violence Against the Person,"2,842"
2012,Violence Against the Person,"6,193"
2012,Violence Against the Person,"4,100"
2012,Violence Against the Person,"5,030"
2012,Violence Against the Person,"6,521"
2012,Violence Against the Person,"6,939"
2012,Violence Against the Person,"4,340"
2012,Violence Against the Person,"5,290"
2012,Violence Against the Person,"5,699"
2012,Violence Against the Person,"4,269"
2012,Violence Against the Person,"4,701"
2012,Violence Against the Person,"2,873"
2012,Violence Against the Person,"3,317"
2012,Violence Against the Person,"4,870"
2012,Violence Against the Person,"5,217"
2012,Violence Against the Person,"5,394"
2012,Violence Against the Person,"2,698"
2012,Violence Against the Person,"2,212"
2012,Violence Against the Person,"6,827"
2012,Violence Against the Person,"5,765"
2012,Violence Against the Person,"2,541"
2012,Violence Against the Person,"6,458"
2012,Violence Against the Person,"4,124"
2012,Violence Against the Person,"2,052"
2012,Violence Against the Person,"6,502"
2012,Violence Against the Person,"2,569"
2012,Violence Against the Person,"6,115"
2012,Violence Against the Person,"4,982"
2012,Violence Against the Person,"4,115"
2012,Violence Against the Person,"7,036"
2012,Violence Against the Person,287
2012,Violence Against the Person,"70,609"
2012,Violence Against the Person,"78,820"
2012,Violence Against the Person,"149,716"
2012,Violence Against the Person,"601,134"
2013,Violence Against the Person,"4,200"
2013,Violence Against the Person,"4,557"
2013,Violence Against the Person,"2,772"
2013,Violence Against the Person,"6,410"
2013,Violence Against the Person,"4,427"
2013,Violence Against the Person,"4,638"
2013,Violence Against the Person,"6,557"
2013,Violence Against the Person,"6,284"
2013,Violence Against the Person,"4,764"
2013,Violence Against the Person,"5,411"
2013,Violence Against the Person,"6,052"
2013,Violence Against the Person,"4,044"
2013,Violence Against the Person,"4,827"
2013,Violence Against the Person,"3,198"
2013,Violence Against the Person,"3,437"
2013,Violence Against the Person,"5,035"
2013,Violence Against the Person,"5,228"
2013,Violence Against the Person,"5,133"
2013,Violence Against the Person,"2,659"
2013,Violence Against the Person,"2,053"
2013,Violence Against the Person,"7,343"
2013,Violence Against the Person,"6,324"
2013,Violence Against the Person,"2,534"
2013,Violence Against the Person,"6,713"
2013,Violence Against the Person,"4,557"
2013,Violence Against the Person,"1,939"
2013,Violence Against the Person,"6,401"
2013,Violence Against the Person,"2,547"
2013,Violence Against the Person,"6,645"
2013,Violence Against the Person,"5,414"
2013,Violence Against the Person,"4,243"
2013,Violence Against the Person,"7,322"
2013,Violence Against the Person,282
2013,Violence Against the Person,"72,344"
2013,Violence Against the Person,"81,324"
2013,Violence Against the Person,"153,950"
2013,Violence Against the Person,n/a
2014,Violence Against the Person,"5,171"
2014,Violence Against the Person,"6,080"
2014,Violence Against the Person,"3,610"
2014,Violence Against the Person,"8,072"
2014,Violence Against the Person,"5,966"
2014,Violence Against the Person,"6,058"
2014,Violence Against the Person,"8,914"
2014,Violence Against the Person,"7,891"
2014,Violence Against the Person,"6,288"
2014,Violence Against the Person,"6,837"
2014,Violence Against the Person,"7,598"
2014,Violence Against the Person,"5,124"
2014,Violence Against the Person,"6,659"
2014,Violence Against the Person,"3,725"
2014,Violence Against the Person,"4,199"
2014,Violence Against the Person,"6,930"
2014,Violence Against the Person,"6,369"
2014,Violence Against the Person,"6,884"
2014,Violence Against the Person,"4,016"
2014,Violence Against the Person,"2,642"
2014,Violence Against the Person,"9,568"
2014,Violence Against the Person,"7,398"
2014,Violence Against the Person,"3,251"
2014,Violence Against the Person,"8,207"
2014,Violence Against the Person,"5,845"
2014,Violence Against the Person,"2,554"
2014,Violence Against the Person,"8,342"
2014,Violence Against the Person,"3,347"
2014,Violence Against the Person,"8,051"
2014,Violence Against the Person,"6,462"
2014,Violence Against the Person,"5,958"
2014,Violence Against the Person,"9,006"
2014,Violence Against the Person,436
2014,Violence Against the Person,"92,869"
2014,Violence Against the Person,"104,153"
2014,Violence Against the Person,"197,458"
2014,Violence Against the Person,n/a
2015,Violence Against the Person,"6,097"
2015,Violence Against the Person,"7,165"
2015,Violence Against the Person,"4,135"
2015,Violence Against the Person,"8,778"
2015,Violence Against the Person,"6,673"
2015,Violence Against the Person,"7,507"
2015,Violence Against the Person,"10,084"
2015,Violence Against the Person,"9,243"
2015,Violence Against the Person,"6,994"
2015,Violence Against the Person,"8,114"
2015,Violence Against the Person,"8,474"
2015,Violence Against the Person,"5,941"
2015,Violence Against the Person,"7,899"
2015,Violence Against the Person,"4,333"
2015,Violence Against the Person,"5,425"
2015,Violence Against the Person,"7,471"
2015,Violence Against the Person,"7,371"
2015,Violence Against the Person,"7,780"
2015,Violence Against the Person,"4,580"
2015,Violence Against the Person,"3,110"
2015,Violence Against the Person,"10,670"
2015,Violence Against the Person,"8,696"
2015,Violence Against the Person,"4,110"
2015,Violence Against the Person,"9,800"
2015,Violence Against the Person,"6,206"
2015,Violence Against the Person,"3,001"
2015,Violence Against the Person,"9,127"
2015,Violence Against the Person,"3,817"
2015,Violence Against the Person,"9,178"
2015,Violence Against the Person,"7,217"
2015,Violence Against the Person,"7,079"
2015,Violence Against the Person,"10,251"
2015,Violence Against the Person,292
2015,Violence Against the Person,"106,982"
2015,Violence Against the Person,"119,344"
2015,Violence Against the Person,"226,618"
2015,Violence Against the Person,n/a
2016,Violence Against the Person,"5,093"
2016,Violence Against the Person,"6,516"
2016,Violence Against the Person,"3,856"
2016,Violence Against the Person,"7,858"
2016,Violence Against the Person,"5,625"
2016,Violence Against the Person,"6,463"
2016,Violence Against the Person,"9,004"
2016,Violence Against the Person,"7,990"
2016,Violence Against the Person,"6,265"
2016,Violence Against the Person,"7,280"
2016,Violence Against the Person,"7,623"
2016,Violence Against the Person,"5,168"
2016,Violence Against the Person,"7,355"
2016,Violence Against the Person,"3,591"
2016,Violence Against the Person,"5,119"
2016,Violence Against the Person,"6,459"
2016,Violence Against the Person,"6,275"
2016,Violence Against the Person,"6,532"
2016,Violence Against the Person,"4,010"
2016,Violence Against the Person,"2,758"
2016,Violence Against the Person,"8,990"
2016,Violence Against the Person,"7,434"
2016,Violence Against the Person,"3,413"
2016,Violence Against the Person,"8,110"
2016,Violence Against the Person,"5,340"
2016,Violence Against the Person,"2,672"
2016,Violence Against the Person,"7,919"
2016,Violence Against the Person,"3,132"
2016,Violence Against the Person,"8,276"
2016,Violence Against the Person,"6,143"
2016,Violence Against the Person,"5,815"
2016,Violence Against the Person,"9,658"
2016,Violence Against the Person,269
2016,Violence Against the Person,"93,353"
2016,Violence Against the Person,"104,389"
2016,Violence Against the Person,"198,011"
2016,Violence Against the Person,n/a
2010,Sexual Offences,262
2010,Sexual Offences,303
2010,Sexual Offences,175
2010,Sexual Offences,341
2010,Sexual Offences,241
2010,Sexual Offences,349
2010,Sexual Offences,472
2010,Sexual Offences,377
2010,Sexual Offences,329
2010,Sexual Offences,426
2010,Sexual Offences,414
2010,Sexual Offences,251
2010,Sexual Offences,382
2010,Sexual Offences,172
2010,Sexual Offences,220
2010,Sexual Offences,289
2010,Sexual Offences,306
2010,Sexual Offences,301
2010,Sexual Offences,169
2010,Sexual Offences,178
2010,Sexual Offences,542
2010,Sexual Offences,372
2010,Sexual Offences,212
2010,Sexual Offences,469
2010,Sexual Offences,228
2010,Sexual Offences,138
2010,Sexual Offences,502
2010,Sexual Offences,177
2010,Sexual Offences,380
2010,Sexual Offences,290
2010,Sexual Offences,358
2010,Sexual Offences,540
2010,Sexual Offences,27
2010,Sexual Offences,"5,029"
2010,Sexual Offences,"5,136"
2010,Sexual Offences,"10,192"
2010,Sexual Offences,"54,262"
2011,Sexual Offences,275
2011,Sexual Offences,297
2011,Sexual Offences,169
2011,Sexual Offences,341
2011,Sexual Offences,256
2011,Sexual Offences,377
2011,Sexual Offences,484
2011,Sexual Offences,406
2011,Sexual Offences,272
2011,Sexual Offences,363
2011,Sexual Offences,371
2011,Sexual Offences,203
2011,Sexual Offences,332
2011,Sexual Offences,170
2011,Sexual Offences,193
2011,Sexual Offences,260
2011,Sexual Offences,279
2011,Sexual Offences,284
2011,Sexual Offences,179
2011,Sexual Offences,166
2011,Sexual Offences,509
2011,Sexual Offences,435
2011,Sexual Offences,183
2011,Sexual Offences,432
2011,Sexual Offences,288
2011,Sexual Offences,168
2011,Sexual Offences,504
2011,Sexual Offences,205
2011,Sexual Offences,430
2011,Sexual Offences,318
2011,Sexual Offences,334
2011,Sexual Offences,607
2011,Sexual Offences,31
2011,Sexual Offences,"4,997"
2011,Sexual Offences,"5,093"
2011,Sexual Offences,"10,121"
2011,Sexual Offences,"54,919"
2012,Sexual Offences,258
2012,Sexual Offences,300
2012,Sexual Offences,178
2012,Sexual Offences,379
2012,Sexual Offences,239
2012,Sexual Offences,331
2012,Sexual Offences,474
2012,Sexual Offences,375
2012,Sexual Offences,306
2012,Sexual Offences,331
2012,Sexual Offences,377
2012,Sexual Offences,262
2012,Sexual Offences,360
2012,Sexual Offences,202
2012,Sexual Offences,183
2012,Sexual Offences,276
2012,Sexual Offences,326
2012,Sexual Offences,293
2012,Sexual Offences,205
2012,Sexual Offences,163
2012,Sexual Offences,490
2012,Sexual Offences,418
2012,Sexual Offences,180
2012,Sexual Offences,390
2012,Sexual Offences,254
2012,Sexual Offences,154
2012,Sexual Offences,425
2012,Sexual Offences,209
2012,Sexual Offences,386
2012,Sexual Offences,271
2012,Sexual Offences,331
2012,Sexual Offences,486
2012,Sexual Offences,29
2012,Sexual Offences,"4,754"
2012,Sexual Offences,"5,058"
2012,Sexual Offences,"9,841"
2012,Sexual Offences,"53,540"
2013,Sexual Offences,300
2013,Sexual Offences,356
2013,Sexual Offences,247
2013,Sexual Offences,366
2013,Sexual Offences,310
2013,Sexual Offences,350
2013,Sexual Offences,555
2013,Sexual Offences,481
2013,Sexual Offences,356
2013,Sexual Offences,350
2013,Sexual Offences,436
2013,Sexual Offences,285
2013,Sexual Offences,364
2013,Sexual Offences,219
2013,Sexual Offences,215
2013,Sexual Offences,315
2013,Sexual Offences,339
2013,Sexual Offences,332
2013,Sexual Offences,221
2013,Sexual Offences,150
2013,Sexual Offences,557
2013,Sexual Offences,474
2013,Sexual Offences,231
2013,Sexual Offences,538
2013,Sexual Offences,340
2013,Sexual Offences,139
2013,Sexual Offences,494
2013,Sexual Offences,220
2013,Sexual Offences,430
2013,Sexual Offences,401
2013,Sexual Offences,377
2013,Sexual Offences,595
2013,Sexual Offences,20
2013,Sexual Offences,"5,453"
2013,Sexual Offences,"5,890"
2013,Sexual Offences,"11,363"
2013,Sexual Offences,n/a
2014,Sexual Offences,403
2014,Sexual Offences,429
2014,Sexual Offences,278
2014,Sexual Offences,489
2014,Sexual Offences,394
2014,Sexual Offences,478
2014,Sexual Offences,691
2014,Sexual Offences,518
2014,Sexual Offences,475
2014,Sexual Offences,484
2014,Sexual Offences,555
2014,Sexual Offences,348
2014,Sexual Offences,504
2014,Sexual Offences,275
2014,Sexual Offences,440
2014,Sexual Offences,404
2014,Sexual Offences,506
2014,Sexual Offences,447
2014,Sexual Offences,339
2014,Sexual Offences,227
2014,Sexual Offences,758
2014,Sexual Offences,597
2014,Sexual Offences,206
2014,Sexual Offences,640
2014,Sexual Offences,485
2014,Sexual Offences,211
2014,Sexual Offences,645
2014,Sexual Offences,288
2014,Sexual Offences,564
2014,Sexual Offences,437
2014,Sexual Offences,460
2014,Sexual Offences,844
2014,Sexual Offences,19
2014,Sexual Offences,"7,179"
2014,Sexual Offences,"7,640"
2014,Sexual Offences,"14,838"
2014,Sexual Offences,n/a
2015,Sexual Offences,413
2015,Sexual Offences,482
2015,Sexual Offences,298
2015,Sexual Offences,527
2015,Sexual Offences,413
2015,Sexual Offences,619
2015,Sexual Offences,743
2015,Sexual Offences,560
2015,Sexual Offences,515
2015,Sexual Offences,534
2015,Sexual Offences,648
2015,Sexual Offences,402
2015,Sexual Offences,580
2015,Sexual Offences,276
2015,Sexual Offences,370
2015,Sexual Offences,432
2015,Sexual Offences,525
2015,Sexual Offences,481
2015,Sexual Offences,301
2015,Sexual Offences,238
2015,Sexual Offences,873
2015,Sexual Offences,630
2015,Sexual Offences,309
2015,Sexual Offences,826
2015,Sexual Offences,526
2015,Sexual Offences,248
2015,Sexual Offences,673
2015,Sexual Offences,275
2015,Sexual Offences,594
2015,Sexual Offences,481
2015,Sexual Offences,600
2015,Sexual Offences,819
2015,Sexual Offences,26
2015,Sexual Offences,"8,046"
2015,Sexual Offences,"8,165"
2015,Sexual Offences,"16,237"
2015,Sexual Offences,n/a
2016,Sexual Offences,396
2016,Sexual Offences,464
2016,Sexual Offences,318
2016,Sexual Offences,500
2016,Sexual Offences,381
2016,Sexual Offences,494
2016,Sexual Offences,683
2016,Sexual Offences,475
2016,Sexual Offences,448
2016,Sexual Offences,473
2016,Sexual Offences,604
2016,Sexual Offences,365
2016,Sexual Offences,535
2016,Sexual Offences,243
2016,Sexual Offences,316
2016,Sexual Offences,23
2016,Sexual Offences,403
2016,Sexual Offences,461
2016,Sexual Offences,449
2016,Sexual Offences,292
2016,Sexual Offences,220
2016,Sexual Offences,733
2016,Sexual Offences,580
2016,Sexual Offences,240
2016,Sexual Offences,609
2016,Sexual Offences,424
2016,Sexual Offences,252
2016,Sexual Offences,646
2016,Sexual Offences,246
2016,Sexual Offences,600
2016,Sexual Offences,424
2016,Sexual Offences,558
2016,Sexual Offences,784
2016,Sexual Offences,"5,581"
2016,Sexual Offences,"8,274"
2016,Sexual Offences,"14,639"
2016,Sexual Offences,n/a
2010,Robbery,937
2010,Robbery,964
2010,Robbery,318
2010,Robbery,"2,021"
2010,Robbery,652
2010,Robbery,"1,264"
2010,Robbery,"1,660"
2010,Robbery,"1,601"
2010,Robbery,"1,280"
2010,Robbery,893
2010,Robbery,"1,080"
2010,Robbery,840
2010,Robbery,"1,072"
2010,Robbery,444
2010,Robbery,418
2010,Robbery,865
2010,Robbery,655
2010,Robbery,972
2010,Robbery,533
2010,Robbery,237
2010,Robbery,"2,746"
2010,Robbery,"1,620"
2010,Robbery,548
2010,Robbery,"2,281"
2010,Robbery,"1,016"
2010,Robbery,172
2010,Robbery,"2,348"
2010,Robbery,285
2010,Robbery,"1,162"
2010,Robbery,"1,741"
2010,Robbery,"1,286"
2010,Robbery,"1,935"
2010,Robbery,4
2010,Robbery,"19,139"
2010,Robbery,"16,707"
2010,Robbery,"35,850"
2010,Robbery,"76,189"
2011,Robbery,"1,030"
2011,Robbery,"1,200"
2011,Robbery,317
2011,Robbery,"2,207"
2011,Robbery,702
2011,Robbery,"1,396"
2011,Robbery,"1,835"
2011,Robbery,"1,483"
2011,Robbery,"1,125"
2011,Robbery,755
2011,Robbery,"1,222"
2011,Robbery,788
2011,Robbery,"1,497"
2011,Robbery,724
2011,Robbery,499
2011,Robbery,943
2011,Robbery,719
2011,Robbery,"1,224"
2011,Robbery,622
2011,Robbery,249
2011,Robbery,"3,093"
2011,Robbery,"1,556"
2011,Robbery,677
2011,Robbery,"2,460"
2011,Robbery,"1,164"
2011,Robbery,226
2011,Robbery,"2,474"
2011,Robbery,319
2011,Robbery,"1,416"
2011,Robbery,"1,693"
2011,Robbery,"1,209"
2011,Robbery,"2,069"
2011,Robbery,4
2011,Robbery,"21,026"
2011,Robbery,"17,867"
2011,Robbery,"38,897"
2011,Robbery,"74,690"
2012,Robbery,667
2012,Robbery,"1,073"
2012,Robbery,242
2012,Robbery,"1,454"
2012,Robbery,590
2012,Robbery,"1,064"
2012,Robbery,"2,032"
2012,Robbery,"1,185"
2012,Robbery,"1,083"
2012,Robbery,550
2012,Robbery,"1,232"
2012,Robbery,696
2012,Robbery,"1,049"
2012,Robbery,644
2012,Robbery,401
2012,Robbery,788
2012,Robbery,679
2012,Robbery,"1,163"
2012,Robbery,639
2012,Robbery,217
2012,Robbery,"2,622"
2012,Robbery,"1,334"
2012,Robbery,544
2012,Robbery,"2,260"
2012,Robbery,"1,003"
2012,Robbery,207
2012,Robbery,"2,583"
2012,Robbery,297
2012,Robbery,"1,438"
2012,Robbery,"1,270"
2012,Robbery,"1,255"
2012,Robbery,"2,475"
2012,Robbery,4
2012,Robbery,"19,810"
2012,Robbery,"14,926"
2012,Robbery,"34,740"
2012,Robbery,"65,156"
2013,Robbery,526
2013,Robbery,710
2013,Robbery,257
2013,Robbery,"1,124"
2013,Robbery,539
2013,Robbery,954
2013,Robbery,"1,507"
2013,Robbery,849
2013,Robbery,918
2013,Robbery,443
2013,Robbery,"1,015"
2013,Robbery,514
2013,Robbery,933
2013,Robbery,430
2013,Robbery,272
2013,Robbery,505
2013,Robbery,452
2013,Robbery,897
2013,Robbery,533
2013,Robbery,142
2013,Robbery,"2,256"
2013,Robbery,"1,170"
2013,Robbery,370
2013,Robbery,"2,166"
2013,Robbery,884
2013,Robbery,191
2013,Robbery,"2,058"
2013,Robbery,251
2013,Robbery,"1,250"
2013,Robbery,870
2013,Robbery,909
2013,Robbery,"2,357"
2013,Robbery,2
2013,Robbery,"17,012"
2013,Robbery,"11,240"
2013,Robbery,"28,254"
2013,Robbery,n/a
2014,Robbery,486
2014,Robbery,539
2014,Robbery,203
2014,Robbery,853
2014,Robbery,387
2014,Robbery,882
2014,Robbery,930
2014,Robbery,608
2014,Robbery,832
2014,Robbery,440
2014,Robbery,993
2014,Robbery,388
2014,Robbery,"1,095"
2014,Robbery,300
2014,Robbery,294
2014,Robbery,482
2014,Robbery,409
2014,Robbery,946
2014,Robbery,445
2014,Robbery,97
2014,Robbery,"1,308"
2014,Robbery,780
2014,Robbery,299
2014,Robbery,"1,484"
2014,Robbery,704
2014,Robbery,143
2014,Robbery,"1,254"
2014,Robbery,178
2014,Robbery,"1,159"
2014,Robbery,737
2014,Robbery,495
2014,Robbery,"1,755"
2014,Robbery,5
2014,Robbery,"12,984"
2014,Robbery,"8,921"
2014,Robbery,"21,910"
2014,Robbery,n/a
2015,Robbery,588
2015,Robbery,622
2015,Robbery,170
2015,Robbery,968
2015,Robbery,362
2015,Robbery,"1,013"
2015,Robbery,718
2015,Robbery,669
2015,Robbery,907
2015,Robbery,478
2015,Robbery,"1,000"
2015,Robbery,348
2015,Robbery,"1,196"
2015,Robbery,367
2015,Robbery,338
2015,Robbery,330
2015,Robbery,381
2015,Robbery,952
2015,Robbery,436
2015,Robbery,122
2015,Robbery,"1,177"
2015,Robbery,819
2015,Robbery,253
2015,Robbery,"1,349"
2015,Robbery,637
2015,Robbery,138
2015,Robbery,"1,221"
2015,Robbery,156
2015,Robbery,"1,143"
2015,Robbery,592
2015,Robbery,521
2015,Robbery,"1,598"
2015,Robbery,2
2015,Robbery,"12,773"
2015,Robbery,"8,796"
2015,Robbery,"21,571"
2015,Robbery,n/a
2016,Robbery,429
2016,Robbery,371
2016,Robbery,187
2016,Robbery,736
2016,Robbery,322
2016,Robbery,769
2016,Robbery,"1,096"
2016,Robbery,565
2016,Robbery,721
2016,Robbery,403
2016,Robbery,964
2016,Robbery,348
2016,Robbery,"1,166"
2016,Robbery,300
2016,Robbery,265
2016,Robbery,4
2016,Robbery,377
2016,Robbery,353
2016,Robbery,801
2016,Robbery,449
2016,Robbery,98
2016,Robbery,"1,062"
2016,Robbery,740
2016,Robbery,243
2016,Robbery,"1,291"
2016,Robbery,513
2016,Robbery,87
2016,Robbery,"1,219"
2016,Robbery,145
2016,Robbery,"1,065"
2016,Robbery,524
2016,Robbery,496
2016,Robbery,"1,553"
2016,Robbery,"7,056"
2016,Robbery,"11,053"
2016,Robbery,"19,662"
2016,Robbery,n/a
2010,Burglary,"2,213"
2010,Burglary,"4,615"
2010,Burglary,"1,914"
2010,Burglary,"3,625"
2010,Burglary,"2,999"
2010,Burglary,"3,348"
2010,Burglary,"4,351"
2010,Burglary,"3,833"
2010,Burglary,"3,523"
2010,Burglary,"2,692"
2010,Burglary,"2,523"
2010,Burglary,"2,518"
2010,Burglary,"3,427"
2010,Burglary,"2,404"
2010,Burglary,"2,323"
2010,Burglary,"3,194"
2010,Burglary,"2,418"
2010,Burglary,"2,689"
2010,Burglary,"1,776"
2010,Burglary,"1,240"
2010,Burglary,"3,421"
2010,Burglary,"3,290"
2010,Burglary,"2,264"
2010,Burglary,"3,593"
2010,Burglary,"3,638"
2010,Burglary,"2,054"
2010,Burglary,"3,193"
2010,Burglary,"1,614"
2010,Burglary,"2,558"
2010,Burglary,"3,581"
2010,Burglary,"3,205"
2010,Burglary,"3,322"
2010,Burglary,17
2010,Burglary,"38,863"
2010,Burglary,"54,495"
2010,Burglary,"93,375"
2010,Burglary,"522,683"
2011,Burglary,"2,436"
2011,Burglary,"4,914"
2011,Burglary,"1,513"
2011,Burglary,"3,975"
2011,Burglary,"3,424"
2011,Burglary,"3,325"
2011,Burglary,"4,491"
2011,Burglary,"3,870"
2011,Burglary,"3,541"
2011,Burglary,"2,624"
2011,Burglary,"2,197"
2011,Burglary,"2,323"
2011,Burglary,"3,648"
2011,Burglary,"2,707"
2011,Burglary,"2,900"
2011,Burglary,"3,846"
2011,Burglary,"2,897"
2011,Burglary,"2,830"
2011,Burglary,"1,667"
2011,Burglary,"1,323"
2011,Burglary,"3,769"
2011,Burglary,"3,261"
2011,Burglary,"2,230"
2011,Burglary,"3,204"
2011,Burglary,"3,606"
2011,Burglary,"2,026"
2011,Burglary,"3,531"
2011,Burglary,"1,560"
2011,Burglary,"2,717"
2011,Burglary,"3,202"
2011,Burglary,"3,145"
2011,Burglary,"3,472"
2011,Burglary,7
2011,Burglary,"39,089"
2011,Burglary,"57,085"
2011,Burglary,"96,181"
2011,Burglary,"501,053"
2012,Burglary,"2,540"
2012,Burglary,"4,806"
2012,Burglary,"1,683"
2012,Burglary,"3,706"
2012,Burglary,"3,293"
2012,Burglary,"2,928"
2012,Burglary,"4,122"
2012,Burglary,"3,926"
2012,Burglary,"3,742"
2012,Burglary,"2,268"
2012,Burglary,"2,554"
2012,Burglary,"1,715"
2012,Burglary,"3,150"
2012,Burglary,"2,491"
2012,Burglary,"2,755"
2012,Burglary,"3,093"
2012,Burglary,"2,962"
2012,Burglary,"2,322"
2012,Burglary,"1,752"
2012,Burglary,"1,381"
2012,Burglary,"3,751"
2012,Burglary,"3,382"
2012,Burglary,"1,996"
2012,Burglary,"3,026"
2012,Burglary,"3,339"
2012,Burglary,"2,161"
2012,Burglary,"3,211"
2012,Burglary,"1,518"
2012,Burglary,"2,805"
2012,Burglary,"2,927"
2012,Burglary,"3,368"
2012,Burglary,"4,007"
2012,Burglary,4
2012,Burglary,"37,971"
2012,Burglary,"54,709"
2012,Burglary,"92,684"
2012,Burglary,"459,796"
2013,Burglary,"2,006"
2013,Burglary,"3,970"
2013,Burglary,"1,783"
2013,Burglary,"2,854"
2013,Burglary,"3,066"
2013,Burglary,"3,124"
2013,Burglary,"3,806"
2013,Burglary,"3,307"
2013,Burglary,"3,454"
2013,Burglary,"2,348"
2013,Burglary,"2,888"
2013,Burglary,"1,506"
2013,Burglary,"2,907"
2013,Burglary,"2,023"
2013,Burglary,"2,395"
2013,Burglary,"2,845"
2013,Burglary,"2,212"
2013,Burglary,"2,511"
2013,Burglary,"1,744"
2013,Burglary,"1,111"
2013,Burglary,"3,797"
2013,Burglary,"3,029"
2013,Burglary,"1,709"
2013,Burglary,"2,950"
2013,Burglary,"2,891"
2013,Burglary,"1,820"
2013,Burglary,"3,428"
2013,Burglary,"1,431"
2013,Burglary,"2,621"
2013,Burglary,"2,741"
2013,Burglary,"3,019"
2013,Burglary,"3,963"
2013,Burglary,16
2013,Burglary,"37,487"
2013,Burglary,"47,772"
2013,Burglary,"85,275"
2013,Burglary,n/a
2014,Burglary,"1,874"
2014,Burglary,"3,670"
2014,Burglary,"1,405"
2014,Burglary,"2,591"
2014,Burglary,"2,520"
2014,Burglary,"2,903"
2014,Burglary,"3,075"
2014,Burglary,"2,907"
2014,Burglary,"2,953"
2014,Burglary,"2,069"
2014,Burglary,"2,517"
2014,Burglary,"1,483"
2014,Burglary,"2,825"
2014,Burglary,"1,563"
2014,Burglary,"1,992"
2014,Burglary,"2,582"
2014,Burglary,"1,853"
2014,Burglary,"2,266"
2014,Burglary,"1,571"
2014,Burglary,"1,003"
2014,Burglary,"2,833"
2014,Burglary,"2,186"
2014,Burglary,"1,740"
2014,Burglary,"2,238"
2014,Burglary,"2,535"
2014,Burglary,"1,671"
2014,Burglary,"2,783"
2014,Burglary,"1,428"
2014,Burglary,"2,411"
2014,Burglary,"2,272"
2014,Burglary,"2,619"
2014,Burglary,"3,294"
2014,Burglary,12
2014,Burglary,"31,929"
2014,Burglary,"41,703"
2014,Burglary,"73,644"
2014,Burglary,n/a
2015,Burglary,"1,534"
2015,Burglary,"3,878"
2015,Burglary,"1,096"
2015,Burglary,"2,717"
2015,Burglary,"2,556"
2015,Burglary,"2,810"
2015,Burglary,"2,630"
2015,Burglary,"2,473"
2015,Burglary,"2,748"
2015,Burglary,"1,836"
2015,Burglary,"2,580"
2015,Burglary,"1,592"
2015,Burglary,"2,472"
2015,Burglary,"1,892"
2015,Burglary,"1,844"
2015,Burglary,"2,131"
2015,Burglary,"1,755"
2015,Burglary,"2,412"
2015,Burglary,"1,562"
2015,Burglary,885
2015,Burglary,"2,658"
2015,Burglary,"2,142"
2015,Burglary,"1,403"
2015,Burglary,"2,253"
2015,Burglary,"1,999"
2015,Burglary,"1,321"
2015,Burglary,"2,952"
2015,Burglary,"1,247"
2015,Burglary,"2,564"
2015,Burglary,"2,179"
2015,Burglary,"2,377"
2015,Burglary,"3,193"
2015,Burglary,17
2015,Burglary,"31,567"
2015,Burglary,"38,124"
2015,Burglary,"69,708"
2015,Burglary,n/a
2016,Burglary,"1,046"
2016,Burglary,"2,670"
2016,Burglary,892
2016,Burglary,"2,220"
2016,Burglary,"1,769"
2016,Burglary,"2,153"
2016,Burglary,"2,281"
2016,Burglary,"2,122"
2016,Burglary,"2,016"
2016,Burglary,"1,517"
2016,Burglary,"2,289"
2016,Burglary,"1,314"
2016,Burglary,"2,003"
2016,Burglary,"1,608"
2016,Burglary,"1,549"
2016,Burglary,"1,890"
2016,Burglary,"1,606"
2016,Burglary,"1,614"
2016,Burglary,"1,210"
2016,Burglary,804
2016,Burglary,"2,634"
2016,Burglary,"1,703"
2016,Burglary,"1,164"
2016,Burglary,"1,728"
2016,Burglary,"1,834"
2016,Burglary,"1,211"
2016,Burglary,"2,562"
2016,Burglary,998
2016,Burglary,"2,461"
2016,Burglary,"1,617"
2016,Burglary,"1,932"
2016,Burglary,"2,652"
2016,Burglary,11
2016,Burglary,"26,255"
2016,Burglary,"30,814"
2016,Burglary,"57,080"
2016,Burglary,n/a
2010,Theft and Handling,"6,315"
2010,Theft and Handling,"9,700"
2010,Theft and Handling,"4,412"
2010,Theft and Handling,"8,344"
2010,Theft and Handling,"7,628"
2010,Theft and Handling,"17,235"
2010,Theft and Handling,"10,870"
2010,Theft and Handling,"12,267"
2010,Theft and Handling,"7,802"
2010,Theft and Handling,"8,506"
2010,Theft and Handling,"12,161"
2010,Theft and Handling,"10,706"
2010,Theft and Handling,"8,837"
2010,Theft and Handling,"5,012"
2010,Theft and Handling,"6,512"
2010,Theft and Handling,"7,512"
2010,Theft and Handling,"8,337"
2010,Theft and Handling,"13,034"
2010,Theft and Handling,"11,279"
2010,Theft and Handling,"4,768"
2010,Theft and Handling,"13,366"
2010,Theft and Handling,"9,057"
2010,Theft and Handling,"5,413"
2010,Theft and Handling,"12,929"
2010,Theft and Handling,"9,197"
2010,Theft and Handling,"4,497"
2010,Theft and Handling,"12,939"
2010,Theft and Handling,"5,209"
2010,Theft and Handling,"10,709"
2010,Theft and Handling,"10,303"
2010,Theft and Handling,"10,063"
2010,Theft and Handling,"37,349"
2010,Theft and Handling,"1,910"
2010,Theft and Handling,"179,664"
2010,Theft and Handling,"142,604"
2010,Theft and Handling,"324,178"
2010,Theft and Handling,"449,616"
2011,Theft and Handling,"6,244"
2011,Theft and Handling,"10,132"
2011,Theft and Handling,"4,019"
2011,Theft and Handling,"8,965"
2011,Theft and Handling,"7,696"
2011,Theft and Handling,"18,863"
2011,Theft and Handling,"10,931"
2011,Theft and Handling,"11,425"
2011,Theft and Handling,"8,072"
2011,Theft and Handling,"7,740"
2011,Theft and Handling,"12,948"
2011,Theft and Handling,"11,246"
2011,Theft and Handling,"9,733"
2011,Theft and Handling,"4,527"
2011,Theft and Handling,"6,506"
2011,Theft and Handling,"8,192"
2011,Theft and Handling,"9,012"
2011,Theft and Handling,"12,849"
2011,Theft and Handling,"11,940"
2011,Theft and Handling,"4,761"
2011,Theft and Handling,"14,757"
2011,Theft and Handling,"8,750"
2011,Theft and Handling,"5,215"
2011,Theft and Handling,"12,657"
2011,Theft and Handling,"8,977"
2011,Theft and Handling,"4,905"
2011,Theft and Handling,"13,567"
2011,Theft and Handling,"4,544"
2011,Theft and Handling,"11,055"
2011,Theft and Handling,"9,747"
2011,Theft and Handling,"11,096"
2011,Theft and Handling,"39,677"
2011,Theft and Handling,"1,946"
2011,Theft and Handling,"189,138"
2011,Theft and Handling,"141,610"
2011,Theft and Handling,"332,694"
2011,Theft and Handling,"417,444"
2012,Theft and Handling,"6,242"
2012,Theft and Handling,"10,458"
2012,Theft and Handling,"4,406"
2012,Theft and Handling,"8,193"
2012,Theft and Handling,"8,018"
2012,Theft and Handling,"17,767"
2012,Theft and Handling,"11,103"
2012,Theft and Handling,"11,306"
2012,Theft and Handling,"8,572"
2012,Theft and Handling,"8,148"
2012,Theft and Handling,"13,064"
2012,Theft and Handling,"10,534"
2012,Theft and Handling,"9,687"
2012,Theft and Handling,"4,489"
2012,Theft and Handling,"6,454"
2012,Theft and Handling,"7,471"
2012,Theft and Handling,"8,713"
2012,Theft and Handling,"13,942"
2012,Theft and Handling,"12,065"
2012,Theft and Handling,"4,333"
2012,Theft and Handling,"15,292"
2012,Theft and Handling,"8,760"
2012,Theft and Handling,"5,445"
2012,Theft and Handling,"13,452"
2012,Theft and Handling,"9,028"
2012,Theft and Handling,"4,920"
2012,Theft and Handling,"13,774"
2012,Theft and Handling,"4,385"
2012,Theft and Handling,"11,154"
2012,Theft and Handling,"10,323"
2012,Theft and Handling,"12,055"
2012,Theft and Handling,"38,401"
2012,Theft and Handling,"1,815"
2012,Theft and Handling,"189,947"
2012,Theft and Handling,"142,007"
2012,Theft and Handling,"333,769"
2012,Theft and Handling,"1,390,360"
2013,Theft and Handling,"5,879"
2013,Theft and Handling,"9,670"
2013,Theft and Handling,"4,248"
2013,Theft and Handling,"7,778"
2013,Theft and Handling,"7,672"
2013,Theft and Handling,"15,399"
2013,Theft and Handling,"10,499"
2013,Theft and Handling,"10,398"
2013,Theft and Handling,"8,984"
2013,Theft and Handling,"7,279"
2013,Theft and Handling,"11,769"
2013,Theft and Handling,"8,955"
2013,Theft and Handling,"9,571"
2013,Theft and Handling,"4,005"
2013,Theft and Handling,"6,147"
2013,Theft and Handling,"7,045"
2013,Theft and Handling,"7,582"
2013,Theft and Handling,"12,232"
2013,Theft and Handling,"10,635"
2013,Theft and Handling,"4,110"
2013,Theft and Handling,"13,893"
2013,Theft and Handling,"7,164"
2013,Theft and Handling,"4,783"
2013,Theft and Handling,"12,283"
2013,Theft and Handling,"7,734"
2013,Theft and Handling,"4,487"
2013,Theft and Handling,"13,156"
2013,Theft and Handling,"4,047"
2013,Theft and Handling,"10,576"
2013,Theft and Handling,"8,948"
2013,Theft and Handling,"10,565"
2013,Theft and Handling,"32,441"
2013,Theft and Handling,"1,661"
2013,Theft and Handling,"168,639"
2013,Theft and Handling,"131,295"
2013,Theft and Handling,"301,595"
2013,Theft and Handling,n/a
2014,Theft and Handling,"5,186"
2014,Theft and Handling,"9,068"
2014,Theft and Handling,"4,247"
2014,Theft and Handling,"7,701"
2014,Theft and Handling,"7,537"
2014,Theft and Handling,"13,951"
2014,Theft and Handling,"9,797"
2014,Theft and Handling,"9,540"
2014,Theft and Handling,"7,848"
2014,Theft and Handling,"7,481"
2014,Theft and Handling,"10,386"
2014,Theft and Handling,"9,272"
2014,Theft and Handling,"8,967"
2014,Theft and Handling,"4,114"
2014,Theft and Handling,"5,730"
2014,Theft and Handling,"7,924"
2014,Theft and Handling,"7,775"
2014,Theft and Handling,"11,979"
2014,Theft and Handling,"10,411"
2014,Theft and Handling,"3,824"
2014,Theft and Handling,"12,630"
2014,Theft and Handling,"7,122"
2014,Theft and Handling,"4,542"
2014,Theft and Handling,"11,770"
2014,Theft and Handling,"6,979"
2014,Theft and Handling,"4,502"
2014,Theft and Handling,"11,272"
2014,Theft and Handling,"3,758"
2014,Theft and Handling,"9,991"
2014,Theft and Handling,"7,265"
2014,Theft and Handling,"9,866"
2014,Theft and Handling,"27,721"
2014,Theft and Handling,"1,638"
2014,Theft and Handling,"155,338"
2014,Theft and Handling,"124,818"
2014,Theft and Handling,"281,794"
2014,Theft and Handling,n/a
2015,Theft and Handling,"5,349"
2015,Theft and Handling,"9,246"
2015,Theft and Handling,"4,238"
2015,Theft and Handling,"8,657"
2015,Theft and Handling,"7,573"
2015,Theft and Handling,"14,256"
2015,Theft and Handling,"9,459"
2015,Theft and Handling,"9,543"
2015,Theft and Handling,"7,848"
2015,Theft and Handling,"7,100"
2015,Theft and Handling,"10,564"
2015,Theft and Handling,"8,873"
2015,Theft and Handling,"9,600"
2015,Theft and Handling,"4,320"
2015,Theft and Handling,"6,000"
2015,Theft and Handling,"7,718"
2015,Theft and Handling,"8,156"
2015,Theft and Handling,"12,308"
2015,Theft and Handling,"10,155"
2015,Theft and Handling,"3,667"
2015,Theft and Handling,"13,361"
2015,Theft and Handling,"7,690"
2015,Theft and Handling,"4,717"
2015,Theft and Handling,"11,059"
2015,Theft and Handling,"6,923"
2015,Theft and Handling,"4,285"
2015,Theft and Handling,"12,231"
2015,Theft and Handling,"3,433"
2015,Theft and Handling,"10,345"
2015,Theft and Handling,"7,388"
2015,Theft and Handling,"9,617"
2015,Theft and Handling,"28,247"
2015,Theft and Handling,"1,500"
2015,Theft and Handling,"158,306"
2015,Theft and Handling,"125,620"
2015,Theft and Handling,"285,426"
2015,Theft and Handling,n/a
2016,Theft and Handling,"4,836"
2016,Theft and Handling,"8,528"
2016,Theft and Handling,"3,706"
2016,Theft and Handling,"7,784"
2016,Theft and Handling,"6,375"
2016,Theft and Handling,"12,163"
2016,Theft and Handling,"8,053"
2016,Theft and Handling,"8,715"
2016,Theft and Handling,"6,901"
2016,Theft and Handling,"7,045"
2016,Theft and Handling,"10,340"
2016,Theft and Handling,"7,773"
2016,Theft and Handling,"9,290"
2016,Theft and Handling,"3,926"
2016,Theft and Handling,"5,013"
2016,Theft and Handling,"6,858"
2016,Theft and Handling,"7,426"
2016,Theft and Handling,"10,408"
2016,Theft and Handling,"8,515"
2016,Theft and Handling,"3,212"
2016,Theft and Handling,"11,272"
2016,Theft and Handling,"6,538"
2016,Theft and Handling,"4,170"
2016,Theft and Handling,"10,482"
2016,Theft and Handling,"6,319"
2016,Theft and Handling,"4,095"
2016,Theft and Handling,"10,952"
2016,Theft and Handling,"2,934"
2016,Theft and Handling,"9,770"
2016,Theft and Handling,"6,399"
2016,Theft and Handling,"9,322"
2016,Theft and Handling,"23,380"
2016,Theft and Handling,"1,262"
2016,Theft and Handling,"140,205"
2016,Theft and Handling,"112,295"
2016,Theft and Handling,"253,762"
2016,Theft and Handling,n/a
2010,Fraud or Forgery,"1,209"
2010,Fraud or Forgery,"1,452"
2010,Fraud or Forgery,596
2010,Fraud or Forgery,"1,333"
2010,Fraud or Forgery,"1,533"
2010,Fraud or Forgery,"1,117"
2010,Fraud or Forgery,"1,727"
2010,Fraud or Forgery,"2,305"
2010,Fraud or Forgery,"1,345"
2010,Fraud or Forgery,"1,288"
2010,Fraud or Forgery,813
2010,Fraud or Forgery,765
2010,Fraud or Forgery,"1,267"
2010,Fraud or Forgery,986
2010,Fraud or Forgery,913
2010,Fraud or Forgery,"1,071"
2010,Fraud or Forgery,"1,445"
2010,Fraud or Forgery,823
2010,Fraud or Forgery,820
2010,Fraud or Forgery,478
2010,Fraud or Forgery,"1,228"
2010,Fraud or Forgery,"1,454"
2010,Fraud or Forgery,514
2010,Fraud or Forgery,"1,621"
2010,Fraud or Forgery,"1,521"
2010,Fraud or Forgery,527
2010,Fraud or Forgery,"1,314"
2010,Fraud or Forgery,389
2010,Fraud or Forgery,"1,214"
2010,Fraud or Forgery,"1,500"
2010,Fraud or Forgery,885
2010,Fraud or Forgery,"2,245"
2010,Fraud or Forgery,255
2010,Fraud or Forgery,"15,566"
2010,Fraud or Forgery,"22,132"
2010,Fraud or Forgery,"37,953"
2010,Fraud or Forgery,"1,078,679"
2011,Fraud or Forgery,"1,259"
2011,Fraud or Forgery,"1,891"
2011,Fraud or Forgery,657
2011,Fraud or Forgery,"1,484"
2011,Fraud or Forgery,"1,396"
2011,Fraud or Forgery,"1,131"
2011,Fraud or Forgery,"1,906"
2011,Fraud or Forgery,"2,236"
2011,Fraud or Forgery,"1,361"
2011,Fraud or Forgery,"1,249"
2011,Fraud or Forgery,809
2011,Fraud or Forgery,808
2011,Fraud or Forgery,"1,239"
2011,Fraud or Forgery,838
2011,Fraud or Forgery,873
2011,Fraud or Forgery,938
2011,Fraud or Forgery,"1,412"
2011,Fraud or Forgery,699
2011,Fraud or Forgery,780
2011,Fraud or Forgery,567
2011,Fraud or Forgery,"1,218"
2011,Fraud or Forgery,"1,703"
2011,Fraud or Forgery,614
2011,Fraud or Forgery,"1,734"
2011,Fraud or Forgery,"1,467"
2011,Fraud or Forgery,608
2011,Fraud or Forgery,914
2011,Fraud or Forgery,409
2011,Fraud or Forgery,"1,391"
2011,Fraud or Forgery,"1,196"
2011,Fraud or Forgery,916
2011,Fraud or Forgery,"2,344"
2011,Fraud or Forgery,247
2011,Fraud or Forgery,"15,686"
2011,Fraud or Forgery,"22,361"
2011,Fraud or Forgery,"38,294"
2011,Fraud or Forgery,"1,105,117"
2012,Fraud or Forgery,695
2012,Fraud or Forgery,"1,444"
2012,Fraud or Forgery,432
2012,Fraud or Forgery,"1,174"
2012,Fraud or Forgery,564
2012,Fraud or Forgery,"1,296"
2012,Fraud or Forgery,"1,058"
2012,Fraud or Forgery,"1,081"
2012,Fraud or Forgery,872
2012,Fraud or Forgery,731
2012,Fraud or Forgery,690
2012,Fraud or Forgery,761
2012,Fraud or Forgery,820
2012,Fraud or Forgery,594
2012,Fraud or Forgery,433
2012,Fraud or Forgery,613
2012,Fraud or Forgery,699
2012,Fraud or Forgery,775
2012,Fraud or Forgery,868
2012,Fraud or Forgery,306
2012,Fraud or Forgery,953
2012,Fraud or Forgery,807
2012,Fraud or Forgery,446
2012,Fraud or Forgery,"1,536"
2012,Fraud or Forgery,911
2012,Fraud or Forgery,364
2012,Fraud or Forgery,983
2012,Fraud or Forgery,265
2012,Fraud or Forgery,942
2012,Fraud or Forgery,966
2012,Fraud or Forgery,926
2012,Fraud or Forgery,"2,063"
2012,Fraud or Forgery,105
2012,Fraud or Forgery,"13,420"
2012,Fraud or Forgery,"13,648"
2012,Fraud or Forgery,"27,173"
2012,Fraud or Forgery,"229,018"
2013,Fraud or Forgery,30
2013,Fraud or Forgery,45
2013,Fraud or Forgery,11
2013,Fraud or Forgery,34
2013,Fraud or Forgery,13
2013,Fraud or Forgery,45
2013,Fraud or Forgery,22
2013,Fraud or Forgery,46
2013,Fraud or Forgery,39
2013,Fraud or Forgery,49
2013,Fraud or Forgery,20
2013,Fraud or Forgery,24
2013,Fraud or Forgery,21
2013,Fraud or Forgery,21
2013,Fraud or Forgery,12
2013,Fraud or Forgery,14
2013,Fraud or Forgery,19
2013,Fraud or Forgery,28
2013,Fraud or Forgery,31
2013,Fraud or Forgery,9
2013,Fraud or Forgery,51
2013,Fraud or Forgery,34
2013,Fraud or Forgery,21
2013,Fraud or Forgery,44
2013,Fraud or Forgery,21
2013,Fraud or Forgery,26
2013,Fraud or Forgery,43
2013,Fraud or Forgery,8
2013,Fraud or Forgery,21
2013,Fraud or Forgery,20
2013,Fraud or Forgery,28
2013,Fraud or Forgery,83
2013,Fraud or Forgery,45
2013,Fraud or Forgery,473
2013,Fraud or Forgery,460
2013,Fraud or Forgery,978
2013,Fraud or Forgery,n/a
2014,Fraud or Forgery,25
2014,Fraud or Forgery,34
2014,Fraud or Forgery,6
2014,Fraud or Forgery,20
2014,Fraud or Forgery,17
2014,Fraud or Forgery,42
2014,Fraud or Forgery,31
2014,Fraud or Forgery,66
2014,Fraud or Forgery,40
2014,Fraud or Forgery,39
2014,Fraud or Forgery,28
2014,Fraud or Forgery,30
2014,Fraud or Forgery,39
2014,Fraud or Forgery,25
2014,Fraud or Forgery,18
2014,Fraud or Forgery,19
2014,Fraud or Forgery,20
2014,Fraud or Forgery,28
2014,Fraud or Forgery,23
2014,Fraud or Forgery,11
2014,Fraud or Forgery,42
2014,Fraud or Forgery,34
2014,Fraud or Forgery,10
2014,Fraud or Forgery,40
2014,Fraud or Forgery,31
2014,Fraud or Forgery,15
2014,Fraud or Forgery,39
2014,Fraud or Forgery,4
2014,Fraud or Forgery,22
2014,Fraud or Forgery,31
2014,Fraud or Forgery,23
2014,Fraud or Forgery,75
2014,Fraud or Forgery,29
2014,Fraud or Forgery,465
2014,Fraud or Forgery,462
2014,Fraud or Forgery,956
2014,Fraud or Forgery,n/a
2015,Fraud or Forgery,24
2015,Fraud or Forgery,54
2015,Fraud or Forgery,10
2015,Fraud or Forgery,38
2015,Fraud or Forgery,32
2015,Fraud or Forgery,31
2015,Fraud or Forgery,46
2015,Fraud or Forgery,53
2015,Fraud or Forgery,34
2015,Fraud or Forgery,47
2015,Fraud or Forgery,28
2015,Fraud or Forgery,20
2015,Fraud or Forgery,34
2015,Fraud or Forgery,17
2015,Fraud or Forgery,22
2015,Fraud or Forgery,24
2015,Fraud or Forgery,24
2015,Fraud or Forgery,35
2015,Fraud or Forgery,19
2015,Fraud or Forgery,17
2015,Fraud or Forgery,58
2015,Fraud or Forgery,41
2015,Fraud or Forgery,23
2015,Fraud or Forgery,39
2015,Fraud or Forgery,32
2015,Fraud or Forgery,22
2015,Fraud or Forgery,41
2015,Fraud or Forgery,12
2015,Fraud or Forgery,33
2015,Fraud or Forgery,35
2015,Fraud or Forgery,31
2015,Fraud or Forgery,68
2015,Fraud or Forgery,26
2015,Fraud or Forgery,478
2015,Fraud or Forgery,566
2015,Fraud or Forgery,"1,070"
2015,Fraud or Forgery,n/a
2016,Fraud or Forgery,16
2016,Fraud or Forgery,27
2016,Fraud or Forgery,11
2016,Fraud or Forgery,29
2016,Fraud or Forgery,28
2016,Fraud or Forgery,38
2016,Fraud or Forgery,31
2016,Fraud or Forgery,44
2016,Fraud or Forgery,31
2016,Fraud or Forgery,43
2016,Fraud or Forgery,15
2016,Fraud or Forgery,22
2016,Fraud or Forgery,46
2016,Fraud or Forgery,16
2016,Fraud or Forgery,9
2016,Fraud or Forgery,35
2016,Fraud or Forgery,32
2016,Fraud or Forgery,26
2016,Fraud or Forgery,35
2016,Fraud or Forgery,10
2016,Fraud or Forgery,36
2016,Fraud or Forgery,33
2016,Fraud or Forgery,16
2016,Fraud or Forgery,43
2016,Fraud or Forgery,23
2016,Fraud or Forgery,15
2016,Fraud or Forgery,29
2016,Fraud or Forgery,5
2016,Fraud or Forgery,25
2016,Fraud or Forgery,43
2016,Fraud or Forgery,28
2016,Fraud or Forgery,93
2016,Fraud or Forgery,22
2016,Fraud or Forgery,469
2016,Fraud or Forgery,464
2016,Fraud or Forgery,955
2016,Fraud or Forgery,n/a
2010,Criminal Damage,"2,418"
2010,Criminal Damage,"2,689"
2010,Criminal Damage,"2,133"
2010,Criminal Damage,"2,566"
2010,Criminal Damage,"2,808"
2010,Criminal Damage,"2,272"
2010,Criminal Damage,"3,839"
2010,Criminal Damage,"3,555"
2010,Criminal Damage,"2,835"
2010,Criminal Damage,"3,191"
2010,Criminal Damage,"2,204"
2010,Criminal Damage,"1,967"
2010,Criminal Damage,"2,625"
2010,Criminal Damage,"1,577"
2010,Criminal Damage,"2,136"
2010,Criminal Damage,"3,173"
2010,Criminal Damage,"2,776"
2010,Criminal Damage,"2,166"
2010,Criminal Damage,"1,173"
2010,Criminal Damage,"1,329"
2010,Criminal Damage,"3,208"
2010,Criminal Damage,"3,148"
2010,Criminal Damage,"1,838"
2010,Criminal Damage,"3,106"
2010,Criminal Damage,"2,345"
2010,Criminal Damage,"1,470"
2010,Criminal Damage,"3,176"
2010,Criminal Damage,"1,756"
2010,Criminal Damage,"2,805"
2010,Criminal Damage,"2,586"
2010,Criminal Damage,"2,566"
2010,Criminal Damage,"2,844"
2010,Criminal Damage,61
2010,Criminal Damage,"33,260"
2010,Criminal Damage,"47,020"
2010,Criminal Damage,"80,341"
2010,Criminal Damage,"145,913"
2011,Criminal Damage,"2,090"
2011,Criminal Damage,"2,362"
2011,Criminal Damage,"1,673"
2011,Criminal Damage,"2,363"
2011,Criminal Damage,"2,592"
2011,Criminal Damage,"2,114"
2011,Criminal Damage,"3,545"
2011,Criminal Damage,"3,096"
2011,Criminal Damage,"2,599"
2011,Criminal Damage,"2,713"
2011,Criminal Damage,"2,110"
2011,Criminal Damage,"1,746"
2011,Criminal Damage,"2,748"
2011,Criminal Damage,"1,450"
2011,Criminal Damage,"1,839"
2011,Criminal Damage,"2,687"
2011,Criminal Damage,"2,711"
2011,Criminal Damage,"2,054"
2011,Criminal Damage,"1,176"
2011,Criminal Damage,"1,175"
2011,Criminal Damage,"3,003"
2011,Criminal Damage,"2,944"
2011,Criminal Damage,"1,637"
2011,Criminal Damage,"2,575"
2011,Criminal Damage,"2,335"
2011,Criminal Damage,"1,396"
2011,Criminal Damage,"3,023"
2011,Criminal Damage,"1,619"
2011,Criminal Damage,"2,464"
2011,Criminal Damage,"2,318"
2011,Criminal Damage,"2,275"
2011,Criminal Damage,"2,431"
2011,Criminal Damage,76
2011,Criminal Damage,"30,663"
2011,Criminal Damage,"42,200"
2011,Criminal Damage,"72,939"
2011,Criminal Damage,"141,241"
2012,Criminal Damage,"1,673"
2012,Criminal Damage,"1,974"
2012,Criminal Damage,"1,545"
2012,Criminal Damage,"2,079"
2012,Criminal Damage,"2,161"
2012,Criminal Damage,"1,780"
2012,Criminal Damage,"2,927"
2012,Criminal Damage,"2,463"
2012,Criminal Damage,"2,071"
2012,Criminal Damage,"2,195"
2012,Criminal Damage,"1,811"
2012,Criminal Damage,"1,373"
2012,Criminal Damage,"2,019"
2012,Criminal Damage,"1,266"
2012,Criminal Damage,"1,531"
2012,Criminal Damage,"2,181"
2012,Criminal Damage,"2,057"
2012,Criminal Damage,"1,801"
2012,Criminal Damage,"1,004"
2012,Criminal Damage,"1,048"
2012,Criminal Damage,"2,443"
2012,Criminal Damage,"2,320"
2012,Criminal Damage,"1,268"
2012,Criminal Damage,"2,280"
2012,Criminal Damage,"1,591"
2012,Criminal Damage,"1,194"
2012,Criminal Damage,"2,354"
2012,Criminal Damage,"1,257"
2012,Criminal Damage,"2,190"
2012,Criminal Damage,"1,917"
2012,Criminal Damage,"1,907"
2012,Criminal Damage,"2,177"
2012,Criminal Damage,67
2012,Criminal Damage,"25,459"
2012,Criminal Damage,"34,398"
2012,Criminal Damage,"59,924"
2012,Criminal Damage,"529,719"
2013,Criminal Damage,"1,647"
2013,Criminal Damage,"1,965"
2013,Criminal Damage,"1,398"
2013,Criminal Damage,"2,047"
2013,Criminal Damage,"2,047"
2013,Criminal Damage,"1,584"
2013,Criminal Damage,"2,837"
2013,Criminal Damage,"2,300"
2013,Criminal Damage,"2,035"
2013,Criminal Damage,"1,969"
2013,Criminal Damage,"1,663"
2013,Criminal Damage,"1,206"
2013,Criminal Damage,"1,907"
2013,Criminal Damage,"1,084"
2013,Criminal Damage,"1,468"
2013,Criminal Damage,"2,172"
2013,Criminal Damage,"1,965"
2013,Criminal Damage,"1,667"
2013,Criminal Damage,855
2013,Criminal Damage,899
2013,Criminal Damage,"2,429"
2013,Criminal Damage,"2,117"
2013,Criminal Damage,"1,179"
2013,Criminal Damage,"2,133"
2013,Criminal Damage,"1,486"
2013,Criminal Damage,"1,100"
2013,Criminal Damage,"2,408"
2013,Criminal Damage,"1,259"
2013,Criminal Damage,"2,126"
2013,Criminal Damage,"1,786"
2013,Criminal Damage,"1,735"
2013,Criminal Damage,"2,137"
2013,Criminal Damage,74
2013,Criminal Damage,"23,967"
2013,Criminal Damage,"32,643"
2013,Criminal Damage,"56,684"
2013,Criminal Damage,n/a
2014,Criminal Damage,"1,673"
2014,Criminal Damage,"2,092"
2014,Criminal Damage,"1,526"
2014,Criminal Damage,"2,155"
2014,Criminal Damage,"2,304"
2014,Criminal Damage,"1,704"
2014,Criminal Damage,"2,943"
2014,Criminal Damage,"2,352"
2014,Criminal Damage,"2,107"
2014,Criminal Damage,"2,090"
2014,Criminal Damage,"1,955"
2014,Criminal Damage,"1,463"
2014,Criminal Damage,"2,208"
2014,Criminal Damage,"1,202"
2014,Criminal Damage,"1,629"
2014,Criminal Damage,"2,314"
2014,Criminal Damage,"2,012"
2014,Criminal Damage,"2,005"
2014,Criminal Damage,"1,023"
2014,Criminal Damage,"1,030"
2014,Criminal Damage,"2,636"
2014,Criminal Damage,"2,278"
2014,Criminal Damage,"1,347"
2014,Criminal Damage,"2,232"
2014,Criminal Damage,"1,652"
2014,Criminal Damage,"1,065"
2014,Criminal Damage,"2,454"
2014,Criminal Damage,"1,346"
2014,Criminal Damage,"2,383"
2014,Criminal Damage,"1,761"
2014,Criminal Damage,"1,856"
2014,Criminal Damage,"2,039"
2014,Criminal Damage,81
2014,Criminal Damage,"26,236"
2014,Criminal Damage,"34,600"
2014,Criminal Damage,"60,917"
2014,Criminal Damage,n/a
2015,Criminal Damage,"1,952"
2015,Criminal Damage,"2,256"
2015,Criminal Damage,"1,610"
2015,Criminal Damage,"2,143"
2015,Criminal Damage,"2,259"
2015,Criminal Damage,"1,946"
2015,Criminal Damage,"3,114"
2015,Criminal Damage,"2,502"
2015,Criminal Damage,"2,110"
2015,Criminal Damage,"2,385"
2015,Criminal Damage,"2,030"
2015,Criminal Damage,"1,410"
2015,Criminal Damage,"2,151"
2015,Criminal Damage,"1,193"
2015,Criminal Damage,"1,702"
2015,Criminal Damage,"2,340"
2015,Criminal Damage,"2,248"
2015,Criminal Damage,"2,032"
2015,Criminal Damage,"1,047"
2015,Criminal Damage,"1,023"
2015,Criminal Damage,"2,712"
2015,Criminal Damage,"2,426"
2015,Criminal Damage,"1,435"
2015,Criminal Damage,"2,512"
2015,Criminal Damage,"1,663"
2015,Criminal Damage,"1,107"
2015,Criminal Damage,"2,584"
2015,Criminal Damage,"1,318"
2015,Criminal Damage,"2,367"
2015,Criminal Damage,"2,059"
2015,Criminal Damage,"1,829"
2015,Criminal Damage,"2,105"
2015,Criminal Damage,70
2015,Criminal Damage,"27,151"
2015,Criminal Damage,"36,419"
2015,Criminal Damage,"63,640"
2015,Criminal Damage,n/a
2016,Criminal Damage,"1,571"
2016,Criminal Damage,"1,846"
2016,Criminal Damage,"1,435"
2016,Criminal Damage,"1,926"
2016,Criminal Damage,"1,836"
2016,Criminal Damage,"1,659"
2016,Criminal Damage,"2,794"
2016,Criminal Damage,"2,142"
2016,Criminal Damage,"1,803"
2016,Criminal Damage,"2,129"
2016,Criminal Damage,"1,643"
2016,Criminal Damage,"1,219"
2016,Criminal Damage,"1,882"
2016,Criminal Damage,"1,025"
2016,Criminal Damage,"1,533"
2016,Criminal Damage,"2,102"
2016,Criminal Damage,"1,831"
2016,Criminal Damage,"1,567"
2016,Criminal Damage,877
2016,Criminal Damage,899
2016,Criminal Damage,"2,361"
2016,Criminal Damage,"2,031"
2016,Criminal Damage,"1,150"
2016,Criminal Damage,"2,068"
2016,Criminal Damage,"1,392"
2016,Criminal Damage,998
2016,Criminal Damage,"2,299"
2016,Criminal Damage,"1,065"
2016,Criminal Damage,"2,044"
2016,Criminal Damage,"1,635"
2016,Criminal Damage,"1,582"
2016,Criminal Damage,"1,862"
2016,Criminal Damage,57
2016,Criminal Damage,"23,094"
2016,Criminal Damage,"31,112"
2016,Criminal Damage,"54,263"
2016,Criminal Damage,n/a
2010,Drugs,"1,012"
2010,Drugs,"1,271"
2010,Drugs,973
2010,Drugs,"3,734"
2010,Drugs,"1,081"
2010,Drugs,"2,359"
2010,Drugs,"2,299"
2010,Drugs,"2,484"
2010,Drugs,"1,701"
2010,Drugs,"1,285"
2010,Drugs,"2,532"
2010,Drugs,"1,841"
2010,Drugs,"1,843"
2010,Drugs,896
2010,Drugs,"1,142"
2010,Drugs,"1,372"
2010,Drugs,"1,856"
2010,Drugs,"1,838"
2010,Drugs,"2,239"
2010,Drugs,542
2010,Drugs,"3,032"
2010,Drugs,"2,499"
2010,Drugs,937
2010,Drugs,"2,884"
2010,Drugs,"2,206"
2010,Drugs,594
2010,Drugs,"4,444"
2010,Drugs,585
2010,Drugs,"3,097"
2010,Drugs,"1,778"
2010,Drugs,"1,188"
2010,Drugs,"6,170"
2010,Drugs,49
2010,Drugs,"35,966"
2010,Drugs,"27,748"
2010,Drugs,"63,763"
2010,Drugs,"701,000"
2011,Drugs,"1,028"
2011,Drugs,"1,074"
2011,Drugs,937
2011,Drugs,"4,514"
2011,Drugs,"1,058"
2011,Drugs,"2,690"
2011,Drugs,"2,459"
2011,Drugs,"2,345"
2011,Drugs,"1,464"
2011,Drugs,"1,296"
2011,Drugs,"2,534"
2011,Drugs,"1,586"
2011,Drugs,"1,769"
2011,Drugs,675
2011,Drugs,980
2011,Drugs,"1,393"
2011,Drugs,"1,771"
2011,Drugs,"1,640"
2011,Drugs,"1,480"
2011,Drugs,647
2011,Drugs,"3,102"
2011,Drugs,"1,868"
2011,Drugs,957
2011,Drugs,"2,121"
2011,Drugs,"2,248"
2011,Drugs,581
2011,Drugs,"3,334"
2011,Drugs,540
2011,Drugs,"3,717"
2011,Drugs,"1,214"
2011,Drugs,"1,010"
2011,Drugs,"6,637"
2011,Drugs,130
2011,Drugs,"33,488"
2011,Drugs,"27,181"
2011,Drugs,"60,799"
2011,Drugs,"631,221"
2012,Drugs,"1,140"
2012,Drugs,938
2012,Drugs,801
2012,Drugs,"3,653"
2012,Drugs,"1,028"
2012,Drugs,"2,178"
2012,Drugs,"2,393"
2012,Drugs,"2,271"
2012,Drugs,"1,215"
2012,Drugs,"1,247"
2012,Drugs,"2,017"
2012,Drugs,"1,809"
2012,Drugs,"1,311"
2012,Drugs,685
2012,Drugs,"1,137"
2012,Drugs,"1,016"
2012,Drugs,"1,533"
2012,Drugs,"1,761"
2012,Drugs,"1,402"
2012,Drugs,426
2012,Drugs,"2,114"
2012,Drugs,"1,596"
2012,Drugs,793
2012,Drugs,"1,849"
2012,Drugs,"1,897"
2012,Drugs,592
2012,Drugs,"2,413"
2012,Drugs,511
2012,Drugs,"3,251"
2012,Drugs,"1,509"
2012,Drugs,"1,182"
2012,Drugs,"4,634"
2012,Drugs,84
2012,Drugs,"27,517"
2012,Drugs,"24,785"
2012,Drugs,"52,386"
2012,Drugs,"208,017"
2013,Drugs,"1,213"
2013,Drugs,"1,129"
2013,Drugs,886
2013,Drugs,"3,405"
2013,Drugs,"1,098"
2013,Drugs,"2,100"
2013,Drugs,"2,019"
2013,Drugs,"1,787"
2013,Drugs,"1,710"
2013,Drugs,"1,356"
2013,Drugs,"1,792"
2013,Drugs,"2,038"
2013,Drugs,"1,235"
2013,Drugs,"1,017"
2013,Drugs,929
2013,Drugs,999
2013,Drugs,"1,550"
2013,Drugs,"1,412"
2013,Drugs,"1,063"
2013,Drugs,703
2013,Drugs,"2,115"
2013,Drugs,"1,660"
2013,Drugs,609
2013,Drugs,"1,652"
2013,Drugs,"1,783"
2013,Drugs,668
2013,Drugs,"2,755"
2013,Drugs,502
2013,Drugs,"2,970"
2013,Drugs,"1,560"
2013,Drugs,"1,024"
2013,Drugs,"4,244"
2013,Drugs,77
2013,Drugs,"26,060"
2013,Drugs,"24,923"
2013,Drugs,"51,060"
2013,Drugs,n/a
2014,Drugs,"1,089"
2014,Drugs,905
2014,Drugs,746
2014,Drugs,"2,724"
2014,Drugs,947
2014,Drugs,"1,962"
2014,Drugs,"1,877"
2014,Drugs,"1,557"
2014,Drugs,"1,318"
2014,Drugs,"1,131"
2014,Drugs,"1,224"
2014,Drugs,"1,686"
2014,Drugs,"1,126"
2014,Drugs,879
2014,Drugs,720
2014,Drugs,983
2014,Drugs,"1,505"
2014,Drugs,"1,207"
2014,Drugs,750
2014,Drugs,779
2014,Drugs,"2,645"
2014,Drugs,"1,296"
2014,Drugs,585
2014,Drugs,"1,789"
2014,Drugs,"1,483"
2014,Drugs,433
2014,Drugs,"2,805"
2014,Drugs,470
2014,Drugs,"2,193"
2014,Drugs,"1,447"
2014,Drugs,865
2014,Drugs,"2,682"
2014,Drugs,66
2014,Drugs,"22,230"
2014,Drugs,"21,578"
2014,Drugs,"43,874"
2014,Drugs,n/a
2015,Drugs,"1,170"
2015,Drugs,846
2015,Drugs,703
2015,Drugs,"1,862"
2015,Drugs,859
2015,Drugs,"1,538"
2015,Drugs,"1,463"
2015,Drugs,"1,427"
2015,Drugs,"1,337"
2015,Drugs,922
2015,Drugs,"1,411"
2015,Drugs,"1,481"
2015,Drugs,"1,574"
2015,Drugs,553
2015,Drugs,766
2015,Drugs,"1,134"
2015,Drugs,"1,013"
2015,Drugs,"1,630"
2015,Drugs,"1,254"
2015,Drugs,882
2015,Drugs,"2,829"
2015,Drugs,"1,802"
2015,Drugs,471
2015,Drugs,"1,620"
2015,Drugs,"1,245"
2015,Drugs,364
2015,Drugs,"2,118"
2015,Drugs,491
2015,Drugs,"1,885"
2015,Drugs,"1,404"
2015,Drugs,744
2015,Drugs,"2,146"
2015,Drugs,83
2015,Drugs,"22,032"
2015,Drugs,"18,912"
2015,Drugs,"41,027"
2015,Drugs,n/a
2016,Drugs,934
2016,Drugs,732
2016,Drugs,492
2016,Drugs,"1,711"
2016,Drugs,560
2016,Drugs,"1,212"
2016,Drugs,"1,199"
2016,Drugs,"1,120"
2016,Drugs,761
2016,Drugs,684
2016,Drugs,"1,006"
2016,Drugs,"1,013"
2016,Drugs,"1,169"
2016,Drugs,365
2016,Drugs,563
2016,Drugs,686
2016,Drugs,914
2016,Drugs,"1,420"
2016,Drugs,"1,519"
2016,Drugs,592
2016,Drugs,"2,129"
2016,Drugs,"1,168"
2016,Drugs,370
2016,Drugs,"1,417"
2016,Drugs,780
2016,Drugs,291
2016,Drugs,"1,489"
2016,Drugs,373
2016,Drugs,"1,173"
2016,Drugs,754
2016,Drugs,718
2016,Drugs,"1,788"
2016,Drugs,66
2016,Drugs,"17,221"
2016,Drugs,"13,881"
2016,Drugs,"31,168"
2016,Drugs,n/a
2010,Other Notifiable Offences,335
2010,Other Notifiable Offences,277
2010,Other Notifiable Offences,156
2010,Other Notifiable Offences,436
2010,Other Notifiable Offences,245
2010,Other Notifiable Offences,385
2010,Other Notifiable Offences,445
2010,Other Notifiable Offences,497
2010,Other Notifiable Offences,415
2010,Other Notifiable Offences,408
2010,Other Notifiable Offences,341
2010,Other Notifiable Offences,370
2010,Other Notifiable Offences,243
2010,Other Notifiable Offences,224
2010,Other Notifiable Offences,217
2010,Other Notifiable Offences,375
2010,Other Notifiable Offences,381
2010,Other Notifiable Offences,339
2010,Other Notifiable Offences,238
2010,Other Notifiable Offences,148
2010,Other Notifiable Offences,443
2010,Other Notifiable Offences,580
2010,Other Notifiable Offences,124
2010,Other Notifiable Offences,472
2010,Other Notifiable Offences,234
2010,Other Notifiable Offences,144
2010,Other Notifiable Offences,634
2010,Other Notifiable Offences,120
2010,Other Notifiable Offences,424
2010,Other Notifiable Offences,305
2010,Other Notifiable Offences,305
2010,Other Notifiable Offences,850
2010,Other Notifiable Offences,357
2010,Other Notifiable Offences,"5,624"
2010,Other Notifiable Offences,"5,486"
2010,Other Notifiable Offences,"11,467"
2010,Other Notifiable Offences,"232,922"
2011,Other Notifiable Offences,344
2011,Other Notifiable Offences,257
2011,Other Notifiable Offences,162
2011,Other Notifiable Offences,456
2011,Other Notifiable Offences,205
2011,Other Notifiable Offences,358
2011,Other Notifiable Offences,443
2011,Other Notifiable Offences,576
2011,Other Notifiable Offences,357
2011,Other Notifiable Offences,368
2011,Other Notifiable Offences,312
2011,Other Notifiable Offences,381
2011,Other Notifiable Offences,254
2011,Other Notifiable Offences,213
2011,Other Notifiable Offences,229
2011,Other Notifiable Offences,309
2011,Other Notifiable Offences,411
2011,Other Notifiable Offences,369
2011,Other Notifiable Offences,170
2011,Other Notifiable Offences,132
2011,Other Notifiable Offences,430
2011,Other Notifiable Offences,401
2011,Other Notifiable Offences,110
2011,Other Notifiable Offences,407
2011,Other Notifiable Offences,294
2011,Other Notifiable Offences,116
2011,Other Notifiable Offences,515
2011,Other Notifiable Offences,96
2011,Other Notifiable Offences,443
2011,Other Notifiable Offences,262
2011,Other Notifiable Offences,317
2011,Other Notifiable Offences,791
2011,Other Notifiable Offences,361
2011,Other Notifiable Offences,"5,148"
2011,Other Notifiable Offences,"5,340"
2011,Other Notifiable Offences,"10,849"
2011,Other Notifiable Offences,"229,103"
2012,Other Notifiable Offences,264
2012,Other Notifiable Offences,294
2012,Other Notifiable Offences,206
2012,Other Notifiable Offences,429
2012,Other Notifiable Offences,255
2012,Other Notifiable Offences,466
2012,Other Notifiable Offences,479
2012,Other Notifiable Offences,457
2012,Other Notifiable Offences,320
2012,Other Notifiable Offences,350
2012,Other Notifiable Offences,360
2012,Other Notifiable Offences,363
2012,Other Notifiable Offences,280
2012,Other Notifiable Offences,219
2012,Other Notifiable Offences,247
2012,Other Notifiable Offences,328
2012,Other Notifiable Offences,323
2012,Other Notifiable Offences,414
2012,Other Notifiable Offences,206
2012,Other Notifiable Offences,112
2012,Other Notifiable Offences,420
2012,Other Notifiable Offences,345
2012,Other Notifiable Offences,163
2012,Other Notifiable Offences,465
2012,Other Notifiable Offences,272
2012,Other Notifiable Offences,159
2012,Other Notifiable Offences,502
2012,Other Notifiable Offences,177
2012,Other Notifiable Offences,801
2012,Other Notifiable Offences,313
2012,Other Notifiable Offences,306
2012,Other Notifiable Offences,735
2012,Other Notifiable Offences,303
2012,Other Notifiable Offences,"5,663"
2012,Other Notifiable Offences,"5,367"
2012,Other Notifiable Offences,"11,333"
2012,Other Notifiable Offences,"194,598"
2013,Other Notifiable Offences,303
2013,Other Notifiable Offences,322
2013,Other Notifiable Offences,235
2013,Other Notifiable Offences,458
2013,Other Notifiable Offences,273
2013,Other Notifiable Offences,452
2013,Other Notifiable Offences,400
2013,Other Notifiable Offences,434
2013,Other Notifiable Offences,371
2013,Other Notifiable Offences,425
2013,Other Notifiable Offences,396
2013,Other Notifiable Offences,413
2013,Other Notifiable Offences,309
2013,Other Notifiable Offences,239
2013,Other Notifiable Offences,252
2013,Other Notifiable Offences,338
2013,Other Notifiable Offences,321
2013,Other Notifiable Offences,391
2013,Other Notifiable Offences,234
2013,Other Notifiable Offences,111
2013,Other Notifiable Offences,482
2013,Other Notifiable Offences,355
2013,Other Notifiable Offences,160
2013,Other Notifiable Offences,471
2013,Other Notifiable Offences,348
2013,Other Notifiable Offences,148
2013,Other Notifiable Offences,452
2013,Other Notifiable Offences,136
2013,Other Notifiable Offences,500
2013,Other Notifiable Offences,357
2013,Other Notifiable Offences,341
2013,Other Notifiable Offences,912
2013,Other Notifiable Offences,307
2013,Other Notifiable Offences,"5,708"
2013,Other Notifiable Offences,"5,631"
2013,Other Notifiable Offences,"11,646"
2013,Other Notifiable Offences,n/a
2014,Other Notifiable Offences,328
2014,Other Notifiable Offences,375
2014,Other Notifiable Offences,259
2014,Other Notifiable Offences,496
2014,Other Notifiable Offences,362
2014,Other Notifiable Offences,448
2014,Other Notifiable Offences,546
2014,Other Notifiable Offences,502
2014,Other Notifiable Offences,447
2014,Other Notifiable Offences,452
2014,Other Notifiable Offences,450
2014,Other Notifiable Offences,465
2014,Other Notifiable Offences,401
2014,Other Notifiable Offences,233
2014,Other Notifiable Offences,336
2014,Other Notifiable Offences,381
2014,Other Notifiable Offences,376
2014,Other Notifiable Offences,460
2014,Other Notifiable Offences,258
2014,Other Notifiable Offences,161
2014,Other Notifiable Offences,605
2014,Other Notifiable Offences,418
2014,Other Notifiable Offences,184
2014,Other Notifiable Offences,586
2014,Other Notifiable Offences,414
2014,Other Notifiable Offences,194
2014,Other Notifiable Offences,536
2014,Other Notifiable Offences,155
2014,Other Notifiable Offences,574
2014,Other Notifiable Offences,370
2014,Other Notifiable Offences,441
2014,Other Notifiable Offences,863
2014,Other Notifiable Offences,842
2014,Other Notifiable Offences,"6,505"
2014,Other Notifiable Offences,"6,571"
2014,Other Notifiable Offences,"13,918"
2014,Other Notifiable Offences,n/a
2015,Other Notifiable Offences,350
2015,Other Notifiable Offences,429
2015,Other Notifiable Offences,384
2015,Other Notifiable Offences,438
2015,Other Notifiable Offences,410
2015,Other Notifiable Offences,465
2015,Other Notifiable Offences,694
2015,Other Notifiable Offences,562
2015,Other Notifiable Offences,449
2015,Other Notifiable Offences,534
2015,Other Notifiable Offences,474
2015,Other Notifiable Offences,447
2015,Other Notifiable Offences,518
2015,Other Notifiable Offences,223
2015,Other Notifiable Offences,384
2015,Other Notifiable Offences,392
2015,Other Notifiable Offences,453
2015,Other Notifiable Offences,514
2015,Other Notifiable Offences,309
2015,Other Notifiable Offences,211
2015,Other Notifiable Offences,660
2015,Other Notifiable Offences,466
2015,Other Notifiable Offences,212
2015,Other Notifiable Offences,626
2015,Other Notifiable Offences,406
2015,Other Notifiable Offences,243
2015,Other Notifiable Offences,475
2015,Other Notifiable Offences,200
2015,Other Notifiable Offences,643
2015,Other Notifiable Offences,444
2015,Other Notifiable Offences,494
2015,Other Notifiable Offences,777
2015,Other Notifiable Offences,"1,061"
2015,Other Notifiable Offences,"6,868"
2015,Other Notifiable Offences,"7,418"
2015,Other Notifiable Offences,"15,347"
2015,Other Notifiable Offences,n/a
2016,Other Notifiable Offences,317
2016,Other Notifiable Offences,395
2016,Other Notifiable Offences,266
2016,Other Notifiable Offences,473
2016,Other Notifiable Offences,347
2016,Other Notifiable Offences,439
2016,Other Notifiable Offences,636
2016,Other Notifiable Offences,511
2016,Other Notifiable Offences,455
2016,Other Notifiable Offences,449
2016,Other Notifiable Offences,449
2016,Other Notifiable Offences,407
2016,Other Notifiable Offences,448
2016,Other Notifiable Offences,235
2016,Other Notifiable Offences,313
2016,Other Notifiable Offences,385
2016,Other Notifiable Offences,441
2016,Other Notifiable Offences,437
2016,Other Notifiable Offences,299
2016,Other Notifiable Offences,146
2016,Other Notifiable Offences,570
2016,Other Notifiable Offences,427
2016,Other Notifiable Offences,207
2016,Other Notifiable Offences,558
2016,Other Notifiable Offences,338
2016,Other Notifiable Offences,159
2016,Other Notifiable Offences,414
2016,Other Notifiable Offences,204
2016,Other Notifiable Offences,591
2016,Other Notifiable Offences,360
2016,Other Notifiable Offences,358
2016,Other Notifiable Offences,644
2016,Other Notifiable Offences,"1,081"
2016,Other Notifiable Offences,"6,041"
2016,Other Notifiable Offences,"6,637"
2016,Other Notifiable Offences,"13,759"
2016,Other Notifiable Offences,n/a
